{
    "results": {
        "tool": {
            "name": "pytest",
            "version": "8.4.1"
        },
        "summary": {
            "tests": 2,
            "passed": 2,
            "failed": 0,
            "skipped": 0,
            "pending": 0,
            "other": 0,
            "start": 1776444753.1690087,
            "stop": 1776444753.3748999
        },
        "tests": [
            {
                "name": "test_outputs.py::test_summary_file_exists",
                "status": "passed",
                "duration": 0.0025490564294159412,
                "start": 1776444753.368647,
                "stop": 1776444753.3718615,
                "retries": 0,
                "file_path": "test_outputs.py"
            },
            {
                "name": "test_outputs.py::test_summary_structure_and_counts",
                "status": "passed",
                "duration": 0.0016334392130374908,
                "start": 1776444753.372456,
                "stop": 1776444753.3744643,
                "retries": 0,
                "file_path": "test_outputs.py"
            }
        ]
    }
}